{"cameraMode":{"drawMode":0,"name":"Shaded","section":"Shading Mode"},"sceneLighting":false,"audioPlay":false,"sceneViewState":{"showFog":true,"showMaterialUpdate":false,"showSkybox":true,"showFlares":true,"showImageEffects":true,"showParticleSystems":true},"in2DMode":false,"pivot":{"x":-1.5384793281555176,"y":8.571072578430176,"z":-11.217914581298829},"rotation":{"x":-0.09524472057819367,"y":0.6389006972312927,"z":-0.08015786856412888,"w":-0.7591503262519836},"size":8.392047882080079,"orthographic":false}