{"cameraMode":{"drawMode":0,"name":"Shaded","section":"Shading Mode"},"sceneLighting":false,"audioPlay":false,"sceneViewState":{"showFog":true,"showMaterialUpdate":false,"showSkybox":true,"showFlares":true,"showImageEffects":true,"showParticleSystems":true},"in2DMode":false,"pivot":{"x":0.0014777928590774537,"y":-0.003340892493724823,"z":-0.30548059940338137},"rotation":{"x":-0.09524472057819367,"y":0.6389006972312927,"z":-0.08015786856412888,"w":-0.7591503262519836},"size":0.6168105602264404,"orthographic":false}