{"cameraMode":{"drawMode":0,"name":"Shaded","section":"Shading Mode"},"sceneLighting":false,"audioPlay":false,"sceneViewState":{"showFog":true,"showMaterialUpdate":false,"showSkybox":true,"showFlares":true,"showImageEffects":true,"showParticleSystems":true},"in2DMode":false,"pivot":{"x":-0.28228306770324709,"y":-0.0001243213191628456,"z":-0.11217479407787323},"rotation":{"x":-0.09524472057819367,"y":0.6389006972312927,"z":-0.08015786856412888,"w":-0.7591503262519836},"size":0.46671009063720705,"orthographic":false}