{"cameraMode":{"drawMode":0,"name":"Shaded","section":"Shading Mode"},"sceneLighting":false,"audioPlay":false,"sceneViewState":{"showFog":true,"showMaterialUpdate":false,"showSkybox":true,"showFlares":true,"showImageEffects":true,"showParticleSystems":true},"in2DMode":false,"pivot":{"x":-0.28228306770324709,"y":-0.0001243213191628456,"z":-0.11217479407787323},"rotation":{"x":-0.0441233329474926,"y":0.9161302447319031,"z":-0.10518109053373337,"w":-0.3843117654323578},"size":0.46671009063720705,"orthographic":false}