{"cameraMode":{"drawMode":0,"name":"Shaded","section":"Shading Mode"},"sceneLighting":false,"audioPlay":false,"sceneViewState":{"showFog":true,"showMaterialUpdate":false,"showSkybox":true,"showFlares":true,"showImageEffects":true,"showParticleSystems":true},"in2DMode":false,"pivot":{"x":0.015737682580947877,"y":0.14097723364830018,"z":-0.01307213306427002},"rotation":{"x":-0.08606776595115662,"y":0.6730164885520935,"z":-0.07931582629680634,"w":-0.7303082346916199},"size":1.1472041606903077,"orthographic":false}