{"cameraMode":{"drawMode":0,"name":"Shaded","section":"Shading Mode"},"sceneLighting":false,"audioPlay":false,"sceneViewState":{"showFog":true,"showMaterialUpdate":false,"showSkybox":true,"showFlares":true,"showImageEffects":true,"showParticleSystems":true},"in2DMode":false,"pivot":{"x":0.29375648498535159,"y":3.965275526046753,"z":1.425633430480957},"rotation":{"x":0.023276209831237794,"y":0.6203948259353638,"z":0.018425196409225465,"w":-0.7837277054786682},"size":22.089096069335939,"orthographic":false}