{"cameraMode":{"drawMode":0,"name":"Shaded","section":"Shading Mode"},"sceneLighting":true,"audioPlay":false,"sceneViewState":{"showFog":true,"showMaterialUpdate":false,"showSkybox":true,"showFlares":true,"showImageEffects":true,"showParticleSystems":true},"in2DMode":false,"pivot":{"x":678.8777465820313,"y":-22.31179428100586,"z":412.30419921875},"rotation":{"x":-0.12266989052295685,"y":0.696182906627655,"z":-0.12259673327207566,"w":-0.6965999603271484},"size":204.67254638671876,"orthographic":false}