{"cameraMode":{"drawMode":0,"name":"Shaded","section":"Shading Mode"},"sceneLighting":false,"audioPlay":false,"sceneViewState":{"showFog":true,"showMaterialUpdate":false,"showSkybox":true,"showFlares":true,"showImageEffects":true,"showParticleSystems":true},"in2DMode":false,"pivot":{"x":0.2860792875289917,"y":0.40550339221954348,"z":-0.5306968688964844},"rotation":{"x":-0.6093878149986267,"y":0.3313862085342407,"z":-0.31077396869659426,"w":-0.6498071551322937},"size":17.054426193237306,"orthographic":false}