{"cameraMode":{"drawMode":0,"name":"Shaded","section":"Shading Mode"},"sceneLighting":false,"audioPlay":false,"sceneViewState":{"showFog":true,"showMaterialUpdate":false,"showSkybox":true,"showFlares":true,"showImageEffects":true,"showParticleSystems":true},"in2DMode":false,"pivot":{"x":4.999987602233887,"y":-0.00756227970123291,"z":-2.384185791015625e-7},"rotation":{"x":-0.13025201857089997,"y":0.45598554611206057,"z":-0.06766122579574585,"w":-0.877800464630127},"size":6.7342987060546879,"orthographic":false}