{"cameraMode":{"drawMode":0,"name":"Shaded","section":"Shading Mode"},"sceneLighting":false,"audioPlay":false,"sceneViewState":{"showFog":true,"showMaterialUpdate":false,"showSkybox":true,"showFlares":true,"showImageEffects":true,"showParticleSystems":true},"in2DMode":false,"pivot":{"x":-1.1343239545822144,"y":-0.2115715742111206,"z":0.9095754623413086},"rotation":{"x":-0.04661441966891289,"y":0.9411035776138306,"z":-0.14542147517204286,"w":-0.3016682267189026},"size":3.3019659519195558,"orthographic":false}