{"cameraMode":{"drawMode":0,"name":"Shaded","section":"Shading Mode"},"sceneLighting":false,"audioPlay":false,"sceneViewState":{"showFog":true,"showMaterialUpdate":false,"showSkybox":true,"showFlares":true,"showImageEffects":true,"showParticleSystems":true},"in2DMode":false,"pivot":{"x":0.2432795763015747,"y":-0.6675753593444824,"z":0.15636086463928224},"rotation":{"x":-0.01583993434906006,"y":0.9435710310935974,"z":-0.045618992298841479,"w":-0.32763051986694338},"size":2.0600645542144777,"orthographic":false}